Route_Name,Route_Link,Bus_Name,Bus_Type,Departing_Time,Duration,Reaching_Time,Star_Rating,Price,Seat_Availability
Delhi to Patiala,https://www.redbus.in/bus-tickets/delhi-to-patiala,PEPSU (Punjab) - 67103,AC Seater Hvac 2+2,22:30,05h 30m,04:00,3.3,INR 454,32 Seats available
Patiala to Delhi,https://www.redbus.in/bus-tickets/patiala-to-delhi,PEPSU (Punjab) - 67104,AC Seater Hvac 2+2,22:30,05h 01m,03:31,3.1,INR 454,25 Seats available
Delhi to Ludhiana,https://www.redbus.in/bus-tickets/delhi-to-ludhiana,PEPSU (Punjab) - 67121,Volvo AC Seater (2+2),21:50,07h 00m,04:50,4.0,INR 873,39 Seats available
Delhi to Ludhiana,https://www.redbus.in/bus-tickets/delhi-to-ludhiana,RSRTC - 156675,Express Non AC Seater 2+3,22:30,06h 45m,05:15,2.2,INR 422,36 Seats available
Delhi to Ludhiana,https://www.redbus.in/bus-tickets/delhi-to-ludhiana,Laxmi holidays,Bharat Benz A/C Seater /Sleeper (2+1),22:20,06h 40m,05:00,4.6,INR 450,11 Seats available
Delhi to Ludhiana,https://www.redbus.in/bus-tickets/delhi-to-ludhiana,Zingbus Plus,Scania Multi-Axle AC Semi Sleeper (2+2),22:15,07h 45m,06:00,4.5,395,21 Seats available
Delhi to Ludhiana,https://www.redbus.in/bus-tickets/delhi-to-ludhiana,Laxmi holidays,VE A/C Sleeper (2+1),23:00,07h 00m,06:00,4.3,570,17 Seats available
Delhi to Ludhiana,https://www.redbus.in/bus-tickets/delhi-to-ludhiana,Laxmi holidays,Bharat Benz A/C Sleeper (2+1),23:30,06h 40m,06:10,4.3,570,17 Seats available
Delhi to Ludhiana,https://www.redbus.in/bus-tickets/delhi-to-ludhiana,Zingbus Plus,A/C Seater / Sleeper (2+1),21:50,07h 50m,05:40,4.8,467,9 Seats available
Delhi to Ludhiana,https://www.redbus.in/bus-tickets/delhi-to-ludhiana,Golden Temple Express Volvo,A/C Seater / Sleeper (2+2),22:55,06h 15m,05:10,4.2,499,23 Seats available
Delhi to Ludhiana,https://www.redbus.in/bus-tickets/delhi-to-ludhiana,FlixBus,Bharat Benz A/C Sleeper (2+1),22:30,07h 20m,05:50,4.3,INR 657,11 Seats available
Delhi to Ludhiana,https://www.redbus.in/bus-tickets/delhi-to-ludhiana,Golden Temple Express Volvo,Volvo Multi-Axle A/C Semi Sleeper (2+2),22:50,06h 16m,05:06,4.0,599,27 Seats available
Delhi to Ludhiana,https://www.redbus.in/bus-tickets/delhi-to-ludhiana,Laxmi holidays,Bharat Benz A/C Sleeper (2+1),23:40,07h 00m,06:40,4.5,570,7 Seats available
Delhi to Ludhiana,https://www.redbus.in/bus-tickets/delhi-to-ludhiana,Yolo Bus,VE A/C Seater / Sleeper (2+1),23:30,05h 54m,05:24,4.6,585,10 Seats available
Delhi to Ludhiana,https://www.redbus.in/bus-tickets/delhi-to-ludhiana,IntrCity SmartBus,Bharat Benz A/C Seater /Sleeper (2+1),22:45,07h 25m,06:10,4.7,INR 514,10 Seats available
Delhi to Ludhiana,https://www.redbus.in/bus-tickets/delhi-to-ludhiana,IntrCity SmartBus,Bharat Benz A/C Seater /Sleeper (2+1),21:45,07h 40m,05:25,4.5,INR 405,5 Seats available
Delhi to Ludhiana,https://www.redbus.in/bus-tickets/delhi-to-ludhiana,Yolo Bus,VE A/C Seater / Sleeper (2+1),22:31,06h 30m,05:01,4.4,585,9 Seats available
Delhi to Ludhiana,https://www.redbus.in/bus-tickets/delhi-to-ludhiana,Zingbus Plus,Bharat Benz A/C Seater /Sleeper (2+1),20:00,07h 20m,03:20,4.6,683,11 Seats available
Delhi to Ludhiana,https://www.redbus.in/bus-tickets/delhi-to-ludhiana,IntrCity SmartBus,Bharat Benz A/C Seater /Sleeper (2+1),21:30,07h 15m,04:45,4.7,INR 550,6 Seats available
Delhi to Ludhiana,https://www.redbus.in/bus-tickets/delhi-to-ludhiana,IntrCity SmartBus,Bharat Benz A/C Seater /Sleeper (2+1),20:45,07h 45m,04:30,4.7,INR 540,4 Seats available
Delhi to Ludhiana,https://www.redbus.in/bus-tickets/delhi-to-ludhiana,IntrCity SmartBus,A/C Seater / Sleeper (2+1),22:00,08h 00m,06:00,4.6,INR 512,6 Seats available
Delhi to Ludhiana,https://www.redbus.in/bus-tickets/delhi-to-ludhiana,Golden Temple Express Volvo,A/C Seater / Sleeper (2+2),22:50,05h 56m,04:46,3.6,499,35 Seats available
Delhi to Ludhiana,https://www.redbus.in/bus-tickets/delhi-to-ludhiana,IntrCity SmartBus,A/C Seater / Sleeper (2+1),23:00,06h 45m,05:45,4.3,INR 542,9 Seats available
Delhi to Ludhiana,https://www.redbus.in/bus-tickets/delhi-to-ludhiana,IntrCity SmartBus,VE A/C Seater / Sleeper (2+1),22:50,07h 15m,06:05,4.0,INR 464,5 Seats available
Delhi to Ludhiana,https://www.redbus.in/bus-tickets/delhi-to-ludhiana,NueGo,Electric A/C Seater (2+2),00:15,06h 00m,06:15,3.1,420,36 Seats available
Delhi to Ludhiana,https://www.redbus.in/bus-tickets/delhi-to-ludhiana,City Land Travels,A/C Seater/Sleeper (2+1),22:50,07h 00m,05:50,3.7,INR 488,31 Seats available
Delhi to Ludhiana,https://www.redbus.in/bus-tickets/delhi-to-ludhiana,Golden Temple Express Volvo,A/C Seater / Sleeper (2+2),22:58,06h 22m,05:20,4.0,499,28 Seats available
Delhi to Ludhiana,https://www.redbus.in/bus-tickets/delhi-to-ludhiana,New Navyug Travels,A/C Sleeper (2+1),22:00,06h 30m,04:30,3.5,INR 625,21 Seats available
Delhi to Ludhiana,https://www.redbus.in/bus-tickets/delhi-to-ludhiana,Banjara Satguru Travels,A/C Seater / Sleeper (2+2),23:50,05h 15m,05:05,3.4,INR 651,30 Seats available
Delhi to Ludhiana,https://www.redbus.in/bus-tickets/delhi-to-ludhiana,Zingbus Plus,A/C Sleeper (2+1),21:35,06h 50m,04:25,4.7,705,12 Seats available
Delhi to Ludhiana,https://www.redbus.in/bus-tickets/delhi-to-ludhiana,ADTC tour and Travels,Volvo Multi-Axle I-Shift B11R Semi Sleeper (2+2),22:25,05h 35m,04:00,3.3,INR 600,35 Seats available
Delhi to Ludhiana,https://www.redbus.in/bus-tickets/delhi-to-ludhiana,Ram Dalal Holidays,Bharat Benz A/C Sleeper (2+1),19:50,07h 40m,03:30,3.6,1550,35 Seats available
Delhi to Ludhiana,https://www.redbus.in/bus-tickets/delhi-to-ludhiana,Banjara Satguru Travels,A/C Seater / Sleeper (2+1),23:15,05h 31m,04:46,3.5,INR 699,38 Seats available
Delhi to Ludhiana,https://www.redbus.in/bus-tickets/delhi-to-ludhiana,Banjara Satguru Travels,A/C Seater / Sleeper (2+2),23:15,05h 31m,04:46,3.5,INR 699,39 Seats available
Delhi to Ludhiana,https://www.redbus.in/bus-tickets/delhi-to-ludhiana,ADTC tour and Travels,Bharat Benz A/C Seater /Sleeper (2+1),22:40,05h 20m,04:00,3.3,INR 499,20 Seats available
Delhi to Ludhiana,https://www.redbus.in/bus-tickets/delhi-to-ludhiana,Golden Temple Express Volvo,Volvo Multi-Axle A/C Semi Sleeper (2+2),22:40,06h 06m,04:46,3.6,599,19 Seats available
Delhi to Ludhiana,https://www.redbus.in/bus-tickets/delhi-to-ludhiana,NueGo,Electric A/C Seater (2+2),22:25,06h 15m,04:40,3.3,380,13 Seats available
Delhi to Ludhiana,https://www.redbus.in/bus-tickets/delhi-to-ludhiana,Goel Tourist (Regd),A/C Seater / Sleeper (2+2),20:50,05h 40m,02:30,3.3,729,44 Seats available
Delhi to Ludhiana,https://www.redbus.in/bus-tickets/delhi-to-ludhiana,Banjara Satguru Travels,A/C Seater / Sleeper (2+2),23:05,05h 45m,04:50,3.6,INR 599,23 Seats available
Delhi to Ludhiana,https://www.redbus.in/bus-tickets/delhi-to-ludhiana,NEW KING BUS SERVICE,A/C Seater / Sleeper (2+2),23:00,05h 35m,04:35,3.3,INR 499,34 Seats available
Delhi to Ludhiana,https://www.redbus.in/bus-tickets/delhi-to-ludhiana,Travel Point,A/C Seater / Sleeper (2+2),21:00,05h 21m,02:21,3.4,924,50 Seats available
Delhi to Ludhiana,https://www.redbus.in/bus-tickets/delhi-to-ludhiana,K.S Travels,A/C Semi Sleeper / Sleeper (2+2),23:00,06h 45m,05:45,3.4,INR 700,38 Seats available
Delhi to Ludhiana,https://www.redbus.in/bus-tickets/delhi-to-ludhiana,New National Travels,A/C Seater / Sleeper (2+2),23:00,06h 00m,05:00,2.9,629,34 Seats available
Delhi to Ludhiana,https://www.redbus.in/bus-tickets/delhi-to-ludhiana,ADTC tour and Travels,Bharat Benz A/C Seater / Sleeper (2+2),22:30,05h 25m,03:55,3.3,INR 600,40 Seats available
Delhi to Ludhiana,https://www.redbus.in/bus-tickets/delhi-to-ludhiana,RK Holiday,A/C Seater / Sleeper (2+2),23:10,05h 50m,05:00,3.1,INR 1199,29 Seats available
Delhi to Ludhiana,https://www.redbus.in/bus-tickets/delhi-to-ludhiana,FlixBus,Bharat Benz A/C Sleeper (2+1),21:00,07h 15m,04:15,3.7,INR 789,10 Seats available
Delhi to Ludhiana,https://www.redbus.in/bus-tickets/delhi-to-ludhiana,IntrCity SmartBus,A/C Seater / Sleeper (2+1),22:25,07h 45m,06:10,3.6,INR 768,2 Seats available
Delhi to Ludhiana,https://www.redbus.in/bus-tickets/delhi-to-ludhiana,NueGo,Electric A/C Seater (2+2),23:25,06h 00m,05:25,2.7,420,34 Seats available
Delhi to Ludhiana,https://www.redbus.in/bus-tickets/delhi-to-ludhiana,Golden Temple Volvo Bus Service,A/C Seater / Sleeper (2+2),23:40,05h 20m,05:00,2.5,INR 506,47 Seats available
Delhi to Ludhiana,https://www.redbus.in/bus-tickets/delhi-to-ludhiana,Classic Travels,A/C Seater / Sleeper (2+2),21:55,07h 00m,04:55,2.2,INR 599,15 Seats available
Delhi to Ludhiana,https://www.redbus.in/bus-tickets/delhi-to-ludhiana,Muskan Tour And Travels private Limited,Volvo Multi-Axle I-Shift B11R Semi Sleeper (2+2),22:40,05h 20m,04:00,2.1,599,36 Seats available
Delhi to Ludhiana,https://www.redbus.in/bus-tickets/delhi-to-ludhiana,CALL2TRIP,A/C Seater / Sleeper (2+2),22:38,06h 02m,04:40,2.9,INR 699,44 Seats available
Ludhiana to Delhi,https://www.redbus.in/bus-tickets/ludhiana-to-delhi,Zingbus Plus,A/C Seater / Sleeper (2+1),23:50,06h 45m,06:35,4.8,729,6 Seats available
Ludhiana to Delhi,https://www.redbus.in/bus-tickets/ludhiana-to-delhi,Yolo Bus,VE A/C Seater / Sleeper (2+1),22:27,06h 33m,05:00,4.5,INR 830,1 Seat available
Ludhiana to Delhi,https://www.redbus.in/bus-tickets/ludhiana-to-delhi,Laxmi holidays,VE A/C Sleeper (2+1),23:55,06h 50m,06:45,4.4,670,6 Seats available
Ludhiana to Delhi,https://www.redbus.in/bus-tickets/ludhiana-to-delhi,IntrCity SmartBus,Bharat Benz A/C Seater /Sleeper (2+1),23:55,06h 05m,06:00,4.5,INR 631,5 Seats available
Ludhiana to Delhi,https://www.redbus.in/bus-tickets/ludhiana-to-delhi,IntrCity SmartBus,A/C Seater / Sleeper (2+1),22:50,06h 55m,05:45,4.6,INR 770,2 Seats available
Ludhiana to Delhi,https://www.redbus.in/bus-tickets/ludhiana-to-delhi,IntrCity SmartBus,A/C Seater / Sleeper (2+1),22:45,07h 15m,06:00,4.7,INR 1117,1 Seat available
Ludhiana to Delhi,https://www.redbus.in/bus-tickets/ludhiana-to-delhi,IntrCity SmartBus,Bharat Benz A/C Seater /Sleeper (2+1),23:40,06h 00m,05:40,4.4,INR 702,3 Seats available
Ludhiana to Delhi,https://www.redbus.in/bus-tickets/ludhiana-to-delhi,NueGo,Electric A/C Seater (2+2),23:15,05h 50m,05:05,3.8,491,11 Seats available
Ludhiana to Delhi,https://www.redbus.in/bus-tickets/ludhiana-to-delhi,Armaan Tour & Travels,A/C Seater / Sleeper (2+1),22:50,07h 10m,06:00,3.1,474,8 Seats available
Ludhiana to Delhi,https://www.redbus.in/bus-tickets/ludhiana-to-delhi,IntrCity SmartBus,A/C Seater / Sleeper (2+1),23:45,06h 15m,06:00,4.6,INR 675,2 Seats available
Ludhiana to Delhi,https://www.redbus.in/bus-tickets/ludhiana-to-delhi,Golden Temple Express Volvo,A/C Seater / Sleeper (2+2),23:30,05h 50m,05:20,3.9,749,1 Seat available
Ludhiana to Delhi,https://www.redbus.in/bus-tickets/ludhiana-to-delhi,Golden Temple Express Volvo,Volvo Multi-Axle A/C Semi Sleeper (2+2),23:58,06h 22m,06:20,3.5,799,8 Seats available
Ludhiana to Delhi,https://www.redbus.in/bus-tickets/ludhiana-to-delhi,ADTC tour and Travels,Bharat Benz A/C Seater /Sleeper (2+1),23:55,05h 20m,05:15,4.2,INR 600,10 Seats available
Ludhiana to Delhi,https://www.redbus.in/bus-tickets/ludhiana-to-delhi,Classic Travels,A/C Seater / Sleeper (2+2),23:30,07h 00m,06:30,2.4,INR 389,37 Seats available
Ludhiana to Delhi,https://www.redbus.in/bus-tickets/ludhiana-to-delhi,Golden Temple Express Volvo,A/C Seater / Sleeper (2+2),23:25,05h 55m,05:20,4.1,799,1 Seat available
Ludhiana to Delhi,https://www.redbus.in/bus-tickets/ludhiana-to-delhi,Classic Travels,A/C Seater / Sleeper (2+2),23:55,07h 00m,06:55,2.5,INR 389,38 Seats available
Ludhiana to Delhi,https://www.redbus.in/bus-tickets/ludhiana-to-delhi,NueGo,Electric A/C Seater (2+2),00:05,05h 50m,05:55,3.3,425,16 Seats available
Ludhiana to Delhi,https://www.redbus.in/bus-tickets/ludhiana-to-delhi,ADTC tour and Travels,Volvo Multi-Axle I-Shift B11R Semi Sleeper (2+2),23:40,05h 30m,05:10,2.2,INR 799,6 Seats available
Ludhiana to Delhi,https://www.redbus.in/bus-tickets/ludhiana-to-delhi,Golden Temple Express Volvo,A/C Seater / Sleeper (2+2),23:57,06h 53m,06:50,2.5,749,10 Seats available
Ludhiana to Delhi,https://www.redbus.in/bus-tickets/ludhiana-to-delhi,Golden Temple Express Volvo,Volvo Multi-Axle A/C Semi Sleeper (2+2),23:58,06h 07m,06:05,3.7,799,7 Seats available
Ludhiana to Delhi,https://www.redbus.in/bus-tickets/ludhiana-to-delhi,Golden Temple Express Volvo,A/C Seater / Sleeper (2+2),23:58,06h 52m,06:50,3.7,899,4 Seats available
Ludhiana to Delhi,https://www.redbus.in/bus-tickets/ludhiana-to-delhi,Golden Temple Express Volvo,A/C Seater / Sleeper (2+2),23:59,06h 31m,06:30,2.4,799,8 Seats available
Ludhiana to Delhi,https://www.redbus.in/bus-tickets/ludhiana-to-delhi,MM Travels,A/C Seater / Sleeper (2+2),22:30,07h 30m,06:00,1.4,INR 349,38 Seats available
Jalandhar to Delhi,https://www.redbus.in/bus-tickets/jalandhar-to-delhi,IntrCity SmartBus,Bharat Benz A/C Seater /Sleeper (2+1),22:30,07h 10m,05:40,4.7,INR 702,3 Seats available
Jalandhar to Delhi,https://www.redbus.in/bus-tickets/jalandhar-to-delhi,Yolo Bus,VE A/C Seater / Sleeper (2+1),23:26,07h 02m,06:28,4.6,INR 660,4 Seats available
Jalandhar to Delhi,https://www.redbus.in/bus-tickets/jalandhar-to-delhi,IntrCity SmartBus,Bharat Benz A/C Seater /Sleeper (2+1),23:10,07h 15m,06:25,4.6,INR 600,7 Seats available
Jalandhar to Delhi,https://www.redbus.in/bus-tickets/jalandhar-to-delhi,Zingbus Plus,Scania Multi-Axle AC Semi Sleeper (2+2),22:55,08h 20m,07:15,4.6,672,8 Seats available
Jalandhar to Delhi,https://www.redbus.in/bus-tickets/jalandhar-to-delhi,Yolo Bus,VE A/C Seater / Sleeper (2+1),21:11,07h 49m,05:00,4.5,INR 800,1 Seat available
Jalandhar to Delhi,https://www.redbus.in/bus-tickets/jalandhar-to-delhi,Laxmi holidays,Bharat Benz A/C Seater /Sleeper (2+1),21:05,07h 40m,04:45,4.4,632,2 Seats available
Jalandhar to Delhi,https://www.redbus.in/bus-tickets/jalandhar-to-delhi,Laxmi holidays,VE A/C Sleeper (2+1),23:05,07h 40m,06:45,4.4,670,6 Seats available
Jalandhar to Delhi,https://www.redbus.in/bus-tickets/jalandhar-to-delhi,IntrCity SmartBus,Bharat Benz A/C Seater /Sleeper (2+1),22:45,07h 15m,06:00,4.5,INR 631,5 Seats available
Jalandhar to Delhi,https://www.redbus.in/bus-tickets/jalandhar-to-delhi,Laxmi holidays,Bharat Benz A/C Sleeper (2+1),23:25,07h 35m,07:00,4.3,832,8 Seats available
Jalandhar to Delhi,https://www.redbus.in/bus-tickets/jalandhar-to-delhi,Laxmi holidays,Bharat Benz A/C Seater /Sleeper (2+1),22:35,07h 45m,06:20,4.2,751,6 Seats available
Jalandhar to Delhi,https://www.redbus.in/bus-tickets/jalandhar-to-delhi,Golden Temple Express Volvo,Volvo Multi-Axle A/C Semi Sleeper (2+2),23:30,06h 50m,06:20,4.4,799,7 Seats available
Jalandhar to Delhi,https://www.redbus.in/bus-tickets/jalandhar-to-delhi,Laxmi holidays,Bharat Benz A/C Sleeper (2+1),23:55,07h 35m,07:30,4.4,736,8 Seats available
Jalandhar to Delhi,https://www.redbus.in/bus-tickets/jalandhar-to-delhi,IntrCity SmartBus,A/C Seater / Sleeper (2+1),21:30,08h 15m,05:45,4.4,INR 770,2 Seats available
Jalandhar to Delhi,https://www.redbus.in/bus-tickets/jalandhar-to-delhi,IntrCity SmartBus,Bharat Benz A/C Seater /Sleeper (2+1),23:55,07h 20m,07:15,4.0,INR 605,9 Seats available
Jalandhar to Delhi,https://www.redbus.in/bus-tickets/jalandhar-to-delhi,IntrCity SmartBus,A/C Seater / Sleeper (2+1),22:15,07h 45m,06:00,4.4,INR 675,2 Seats available
Jalandhar to Delhi,https://www.redbus.in/bus-tickets/jalandhar-to-delhi,IntrCity SmartBus,A/C Seater / Sleeper (2+1),21:20,08h 40m,06:00,4.1,INR 1117,1 Seat available
Jalandhar to Delhi,https://www.redbus.in/bus-tickets/jalandhar-to-delhi,Golden Temple Express Volvo,A/C Seater / Sleeper (2+2),22:30,06h 50m,05:20,3.8,749,1 Seat available
Jalandhar to Delhi,https://www.redbus.in/bus-tickets/jalandhar-to-delhi,Zingbus Plus,A/C Seater / Sleeper (2+1),22:35,08h 00m,06:35,4.8,729,6 Seats available
Jalandhar to Delhi,https://www.redbus.in/bus-tickets/jalandhar-to-delhi,IntrCity SmartBus,Bharat Benz A/C Seater /Sleeper (2+1),23:35,07h 10m,06:45,4.1,INR 634,7 Seats available
Jalandhar to Delhi,https://www.redbus.in/bus-tickets/jalandhar-to-delhi,Golden Temple Express Volvo,A/C Seater / Sleeper (2+2),23:54,06h 36m,06:30,3.0,799,4 Seats available
Jalandhar to Delhi,https://www.redbus.in/bus-tickets/jalandhar-to-delhi,ADTC tour and Travels,Volvo Multi-Axle I-Shift B11R Semi Sleeper (2+2),22:40,06h 30m,05:10,3.6,INR 799,6 Seats available
Jalandhar to Delhi,https://www.redbus.in/bus-tickets/jalandhar-to-delhi,Golden Temple Express Volvo,A/C Seater / Sleeper (2+2),22:30,06h 50m,05:20,3.8,799,1 Seat available
Jalandhar to Delhi,https://www.redbus.in/bus-tickets/jalandhar-to-delhi,Muskan Tour And Travels private Limited,Volvo Multi-Axle I-Shift B11R Semi Sleeper (2+2),23:10,06h 20m,05:30,4.2,699,1 Seat available
Jalandhar to Delhi,https://www.redbus.in/bus-tickets/jalandhar-to-delhi,Golden Temple Express Volvo,Volvo Multi-Axle A/C Semi Sleeper (2+2),23:30,06h 35m,06:05,4.3,799,7 Seats available
Jalandhar to Delhi,https://www.redbus.in/bus-tickets/jalandhar-to-delhi,City Land Travels,A/C Seater/Sleeper (2+1),23:59,07h 31m,07:30,3.6,709,21 Seats available
Jalandhar to Delhi,https://www.redbus.in/bus-tickets/jalandhar-to-delhi,ADTC tour and Travels,Bharat Benz A/C Seater /Sleeper (2+1),23:10,06h 05m,05:15,2.4,INR 600,11 Seats available
Jalandhar to Delhi,https://www.redbus.in/bus-tickets/jalandhar-to-delhi,Golden Temple Express Volvo,A/C Seater / Sleeper (2+2),23:50,07h 00m,06:50,1.8,749,6 Seats available
Jalandhar to Delhi,https://www.redbus.in/bus-tickets/jalandhar-to-delhi,Golden Temple Express Volvo,A/C Seater / Sleeper (2+2),23:50,07h 00m,06:50,3.9,899,1 Seat available
Jalandhar to Delhi,https://www.redbus.in/bus-tickets/jalandhar-to-delhi,IntrCity SmartBus,VE A/C Seater / Sleeper (2+1),23:15,07h 10m,06:25,4.6,INR 650,9 Seats available
Jalandhar to Delhi,https://www.redbus.in/bus-tickets/jalandhar-to-delhi,NueGo,Electric A/C Seater (2+2),23:45,08h 40m,08:25,3.2,419,30 Seats available
Jalandhar to Delhi,https://www.redbus.in/bus-tickets/jalandhar-to-delhi,IntrCity SmartBus,A/C Seater / Sleeper (2+1),23:58,07h 17m,07:15,4.4,INR 739,9 Seats available
Jalandhar to Delhi,https://www.redbus.in/bus-tickets/jalandhar-to-delhi,SHREE SATGURU TRAVELS,A/C Seater / Sleeper (2+2),23:50,06h 10m,06:00,1.3,INR 899,2 Seats available
Jalandhar to Delhi,https://www.redbus.in/bus-tickets/jalandhar-to-delhi,Armaan Tour & Travels,A/C Seater / Sleeper (2+1),21:30,08h 30m,06:00,1.9,989,1 Seat available
Jalandhar to Delhi,https://www.redbus.in/bus-tickets/jalandhar-to-delhi,FlixBus,Bharat Benz A/C Sleeper (2+1),23:30,07h 25m,06:55,4.5,INR 1007,5 Seats available
Jalandhar to Delhi,https://www.redbus.in/bus-tickets/jalandhar-to-delhi,SHRI BALAJII TRAVELS,Volvo A/C Semi Sleeper (2+2),23:00,07h 15m,06:15,3.1,INR 713,41 Seats available
Jalandhar to Delhi,https://www.redbus.in/bus-tickets/jalandhar-to-delhi,Big Bus,A/C Seater / Sleeper (2+2),23:00,06h 30m,05:30,2.5,799,28 Seats available
Delhi to Jalandhar,https://www.redbus.in/bus-tickets/delhi-to-jalandhar,PEPSU (Punjab) - 67121,Volvo AC Seater (2+2),21:50,08h 30m,06:20,3.4,INR 1045,36 Seats available
Delhi to Jalandhar,https://www.redbus.in/bus-tickets/delhi-to-jalandhar,Zingbus Plus,Scania Multi-Axle AC Semi Sleeper (2+2),22:15,08h 55m,07:10,4.5,387,22 Seats available
Delhi to Jalandhar,https://www.redbus.in/bus-tickets/delhi-to-jalandhar,Laxmi holidays,VE A/C Sleeper (2+1),23:00,08h 10m,07:10,4.3,570,17 Seats available
Delhi to Jalandhar,https://www.redbus.in/bus-tickets/delhi-to-jalandhar,AdNew Navyug Travels,A/C Sleeper (2+1),22:00,08h 10m,06:10,4.1,INR 625,18 Seats available
Delhi to Jalandhar,https://www.redbus.in/bus-tickets/delhi-to-jalandhar,Laxmi holidays,Bharat Benz A/C Sleeper (2+1),23:30,07h 40m,07:10,4.2,570,16 Seats available
Delhi to Jalandhar,https://www.redbus.in/bus-tickets/delhi-to-jalandhar,Zingbus Plus,Bharat Benz A/C Seater /Sleeper (2+1),20:00,08h 25m,04:25,4.3,676,11 Seats available
Delhi to Jalandhar,https://www.redbus.in/bus-tickets/delhi-to-jalandhar,Laxmi holidays,Bharat Benz A/C Seater /Sleeper (2+1),22:00,08h 00m,06:00,4.3,570,11 Seats available
Delhi to Jalandhar,https://www.redbus.in/bus-tickets/delhi-to-jalandhar,AdGolden Temple Express Volvo,Volvo Multi-Axle A/C Semi Sleeper (2+2),22:50,07h 27m,06:17,3.9,599,26 Seats available
Delhi to Jalandhar,https://www.redbus.in/bus-tickets/delhi-to-jalandhar,ADTC tour and Travels,Volvo Multi-Axle I-Shift B11R Semi Sleeper (2+2),22:25,06h 35m,05:00,4.2,INR 600,35 Seats available
Delhi to Jalandhar,https://www.redbus.in/bus-tickets/delhi-to-jalandhar,Zingbus Plus,A/C Seater / Sleeper (2+1),21:50,08h 55m,06:45,4.7,467,9 Seats available
Delhi to Jalandhar,https://www.redbus.in/bus-tickets/delhi-to-jalandhar,Yolo Bus,VE A/C Seater / Sleeper (2+1),22:31,07h 44m,06:15,4.5,576,10 Seats available
Delhi to Jalandhar,https://www.redbus.in/bus-tickets/delhi-to-jalandhar,Ashok Bus Service,VE A/C Seater / Sleeper (2+1),19:45,07h 30m,03:15,4.4,739,18 Seats available
Delhi to Jalandhar,https://www.redbus.in/bus-tickets/delhi-to-jalandhar,Muskan Tour And Travels private Limited,Volvo Multi-Axle I-Shift B11R Semi Sleeper (2+2),22:40,06h 30m,05:10,4.3,599,31 Seats available
Delhi to Jalandhar,https://www.redbus.in/bus-tickets/delhi-to-jalandhar,Ashok Bus Service,A/C Seater / Sleeper (2+2),23:35,08h 40m,08:15,4.4,647,41 Seats available
Delhi to Jalandhar,https://www.redbus.in/bus-tickets/delhi-to-jalandhar,Golden Temple Express Volvo,Volvo Multi-Axle A/C Semi Sleeper (2+2),22:40,07h 17m,05:57,4.3,599,19 Seats available
Delhi to Jalandhar,https://www.redbus.in/bus-tickets/delhi-to-jalandhar,FlixBus,Bharat Benz A/C Sleeper (2+1),22:30,08h 30m,07:00,4.6,INR 720,11 Seats available
Delhi to Jalandhar,https://www.redbus.in/bus-tickets/delhi-to-jalandhar,ADTC tour and Travels,Bharat Benz A/C Seater / Sleeper (2+2),22:30,06h 30m,05:00,4.0,INR 600,14 Seats available
Delhi to Jalandhar,https://www.redbus.in/bus-tickets/delhi-to-jalandhar,Shiv Mohan Travels,AC Sleeper (2+1),20:15,07h 55m,04:10,4.3,1114,36 Seats available
Delhi to Jalandhar,https://www.redbus.in/bus-tickets/delhi-to-jalandhar,IntrCity SmartBus,Bharat Benz A/C Seater /Sleeper (2+1),21:45,08h 55m,06:40,4.7,INR 405,7 Seats available
Delhi to Jalandhar,https://www.redbus.in/bus-tickets/delhi-to-jalandhar,Laxmi holidays,Bharat Benz A/C Seater /Sleeper (2+1),22:20,07h 20m,05:40,4.5,INR 450,10 Seats available
Delhi to Jalandhar,https://www.redbus.in/bus-tickets/delhi-to-jalandhar,IntrCity SmartBus,Bharat Benz A/C Seater /Sleeper (2+1),21:30,08h 20m,05:50,4.6,INR 550,6 Seats available
Delhi to Jalandhar,https://www.redbus.in/bus-tickets/delhi-to-jalandhar,Zingbus Plus,A/C Sleeper (2+1),21:35,07h 55m,05:30,4.5,705,9 Seats available
Delhi to Jalandhar,https://www.redbus.in/bus-tickets/delhi-to-jalandhar,IntrCity SmartBus,Bharat Benz A/C Seater /Sleeper (2+1),22:45,08h 35m,07:20,4.5,INR 514,10 Seats available
Delhi to Jalandhar,https://www.redbus.in/bus-tickets/delhi-to-jalandhar,Yolo Bus,VE A/C Seater / Sleeper (2+1),23:30,06h 59m,06:29,4.7,540,10 Seats available
Delhi to Jalandhar,https://www.redbus.in/bus-tickets/delhi-to-jalandhar,Laxmi holidays,Bharat Benz A/C Sleeper (2+1),23:40,07h 50m,07:30,4.4,570,10 Seats available
Delhi to Jalandhar,https://www.redbus.in/bus-tickets/delhi-to-jalandhar,IntrCity SmartBus,A/C Seater / Sleeper (2+1),22:00,09h 00m,07:00,4.6,INR 512,6 Seats available
Delhi to Jalandhar,https://www.redbus.in/bus-tickets/delhi-to-jalandhar,IntrCity SmartBus,Bharat Benz A/C Seater /Sleeper (2+1),20:45,08h 55m,05:40,4.4,INR 540,4 Seats available
Delhi to Jalandhar,https://www.redbus.in/bus-tickets/delhi-to-jalandhar,R S YADAV SMART BUS PRIVATE LIMITED,Volvo Multi Axle B11R AC Seater\Sleeper (2+1),22:10,07h 40m,05:50,4.7,569,5 Seats available
Delhi to Jalandhar,https://www.redbus.in/bus-tickets/delhi-to-jalandhar,FlixBus,Bharat Benz A/C Sleeper (2+1),21:00,08h 15m,05:15,4.7,INR 839,10 Seats available
Delhi to Jalandhar,https://www.redbus.in/bus-tickets/delhi-to-jalandhar,IntrCity SmartBus,A/C Seater / Sleeper (2+1),22:25,08h 55m,07:20,4.8,INR 768,2 Seats available
Delhi to Jalandhar,https://www.redbus.in/bus-tickets/delhi-to-jalandhar,IntrCity SmartBus,A/C Seater / Sleeper (2+1),23:00,08h 00m,07:00,4.3,INR 542,9 Seats available
Delhi to Jalandhar,https://www.redbus.in/bus-tickets/delhi-to-jalandhar,IntrCity SmartBus,VE A/C Seater / Sleeper (2+1),22:50,08h 30m,07:20,4.1,INR 464,5 Seats available
Delhi to Jalandhar,https://www.redbus.in/bus-tickets/delhi-to-jalandhar,Golden Temple Express Volvo,A/C Seater / Sleeper (2+2),22:58,06h 57m,05:55,3.9,499,25 Seats available
Delhi to Jalandhar,https://www.redbus.in/bus-tickets/delhi-to-jalandhar,Golden Temple Express Volvo,A/C Seater / Sleeper (2+2),22:55,07h 20m,06:15,3.1,499,22 Seats available
Delhi to Jalandhar,https://www.redbus.in/bus-tickets/delhi-to-jalandhar,Golden Temple Express Volvo,A/C Seater / Sleeper (2+2),22:50,07h 07m,05:57,3.3,499,10 Seats available
Delhi to Jalandhar,https://www.redbus.in/bus-tickets/delhi-to-jalandhar,Banjara Satguru Travels,A/C Seater / Sleeper (2+2),23:50,06h 15m,06:05,3.1,INR 651,30 Seats available
Delhi to Jalandhar,https://www.redbus.in/bus-tickets/delhi-to-jalandhar,New National Travels,A/C Seater / Sleeper (2+2),23:00,07h 00m,06:00,3.5,404,27 Seats available
Delhi to Jalandhar,https://www.redbus.in/bus-tickets/delhi-to-jalandhar,Ram Dalal Holidays,Bharat Benz A/C Sleeper (2+1),19:40,08h 50m,04:30,3.8,700,11 Seats available
Delhi to Jalandhar,https://www.redbus.in/bus-tickets/delhi-to-jalandhar,City Land Travels,A/C Seater/Sleeper (2+1),22:50,07h 50m,06:40,3.6,INR 488,30 Seats available
Delhi to Jalandhar,https://www.redbus.in/bus-tickets/delhi-to-jalandhar,B S Holiday Travels,A/C Seater / Sleeper (2+2),22:30,07h 30m,06:00,3.6,1699,32 Seats available
Delhi to Jalandhar,https://www.redbus.in/bus-tickets/delhi-to-jalandhar,Goel Tourist (Regd),A/C Seater / Sleeper (2+2),20:50,07h 00m,03:50,3.3,729,44 Seats available
Delhi to Jalandhar,https://www.redbus.in/bus-tickets/delhi-to-jalandhar,Banjara Satguru Travels,A/C Seater / Sleeper (2+2),23:15,06h 51m,06:06,3.1,INR 699,39 Seats available
Delhi to Jalandhar,https://www.redbus.in/bus-tickets/delhi-to-jalandhar,Banjara Satguru Travels,A/C Seater / Sleeper (2+1),23:15,06h 51m,06:06,3.1,INR 699,35 Seats available
Delhi to Jalandhar,https://www.redbus.in/bus-tickets/delhi-to-jalandhar,Banjara Satguru Travels,A/C Seater / Sleeper (2+2),23:05,06h 45m,05:50,3.0,INR 599,27 Seats available
Delhi to Jalandhar,https://www.redbus.in/bus-tickets/delhi-to-jalandhar,NueGo,Electric A/C Seater (2+2),22:25,08h 00m,06:25,3.0,380,13 Seats available
Delhi Airport to Patiala,https://www.redbus.in/bus-tickets/delhi-airport-to-patiala,Indo Canadian Transport Pvt. Ltd.,A/C Semi Sleeper (2+2),19:30,09h 00m,04:30,4.6,INR 2500,51 Seats available
Delhi Airport to Patiala,https://www.redbus.in/bus-tickets/delhi-airport-to-patiala,Indo Canadian Transport Pvt. Ltd.,A/C Semi Sleeper (2+2),23:30,09h 00m,08:30,4.6,INR 3300,51 Seats available
Delhi Airport to Patiala,https://www.redbus.in/bus-tickets/delhi-airport-to-patiala,Indo Canadian Transport Pvt. Ltd.,A/C Semi Sleeper (2+2),23:30,06h 00m,05:30,4.6,INR 2500,44 Seats available
Ludhiana to Delhi Airport,https://www.redbus.in/bus-tickets/ludhiana-to-delhi-airport,PEPSU (Punjab) - 67128,Volvo AC Seater (2+2),20:50,08h 00m,04:50,4.4,INR 997,28 Seats available
Ludhiana to Delhi Airport,https://www.redbus.in/bus-tickets/ludhiana-to-delhi-airport,PEPSU (Punjab) - 67164,Volvo AC Seater (2+2),21:50,08h 00m,05:50,4.4,INR 997,23 Seats available
Delhi Airport to Ludhiana,https://www.redbus.in/bus-tickets/delhi-airport-to-ludhiana,PEPSU (Punjab) - 67121,Volvo AC Seater (2+2),21:00,07h 50m,04:50,3.0,INR 997,36 Seats available
Delhi Airport to Ludhiana,https://www.redbus.in/bus-tickets/delhi-airport-to-ludhiana,PEPSU (Punjab) - 67064,Volvo AC Seater (2+2),23:58,08h 00m,07:58,4.3,INR 997,35 Seats available
Delhi Airport to Ludhiana,https://www.redbus.in/bus-tickets/delhi-airport-to-ludhiana,Zingbus Plus,A/C Seater / Sleeper (2+1),20:00,09h 40m,05:40,4.3,1044,28 Seats available
Delhi Airport to Ludhiana,https://www.redbus.in/bus-tickets/delhi-airport-to-ludhiana,Zingbus Plus,Scania Multi-Axle AC Semi Sleeper (2+2),20:00,10h 00m,06:00,4.3,969,28 Seats available
Phagwara to Delhi Airport,https://www.redbus.in/bus-tickets/phagwara-to-delhi-airport,Indo Canadian Transport Pvt. Ltd.,A/C Sleeper (2+1),20:35,08h 25m,05:00,4.6,INR 2500,28 Seats available
Phagwara to Delhi Airport,https://www.redbus.in/bus-tickets/phagwara-to-delhi-airport,Indo Canadian Transport Pvt. Ltd.,A/C Semi Sleeper (2+2),22:35,08h 25m,07:00,4.6,INR 2500,44 Seats available
Phagwara to Delhi Airport,https://www.redbus.in/bus-tickets/phagwara-to-delhi-airport,Indo Canadian Transport Pvt. Ltd.,A/C Semi Sleeper (2+2),22:35,10h 25m,09:00,4.6,INR 2500,44 Seats available
Phagwara to Delhi Airport,https://www.redbus.in/bus-tickets/phagwara-to-delhi-airport,Indo Canadian Transport Pvt. Ltd.,A/C Sleeper (2+1),20:35,07h 55m,04:30,4.6,INR 3000,30 Seats available
Phagwara to Delhi Airport,https://www.redbus.in/bus-tickets/phagwara-to-delhi-airport,Indo Canadian Transport Pvt. Ltd.,A/C Semi Sleeper (2+2),23:35,10h 25m,10:00,4.6,INR 3300,44 Seats available
Delhi to Phagwara,https://www.redbus.in/bus-tickets/delhi-to-phagwara,Laxmi holidays,Bharat Benz A/C Seater /Sleeper (2+1),22:20,07h 00m,05:20,4.4,INR 450,11 Seats available
Delhi to Phagwara,https://www.redbus.in/bus-tickets/delhi-to-phagwara,Laxmi holidays,Bharat Benz A/C Sleeper (2+1),23:40,07h 35m,07:15,4.6,570,13 Seats available
Delhi to Phagwara,https://www.redbus.in/bus-tickets/delhi-to-phagwara,New Navyug Travels,A/C Sleeper (2+1),22:45,06h 30m,05:15,4.2,INR 625,17 Seats available
Delhi to Phagwara,https://www.redbus.in/bus-tickets/delhi-to-phagwara,Laxmi holidays,Bharat Benz A/C Seater /Sleeper (2+1),22:00,07h 50m,05:50,4.4,570,12 Seats available
Delhi to Phagwara,https://www.redbus.in/bus-tickets/delhi-to-phagwara,Laxmi holidays,Bharat Benz A/C Sleeper (2+1),23:30,07h 10m,06:40,4.7,570,16 Seats available
Delhi to Phagwara,https://www.redbus.in/bus-tickets/delhi-to-phagwara,Zingbus Plus,Scania Multi-Axle AC Semi Sleeper (2+2),23:05,07h 55m,07:00,4.0,387,24 Seats available
Delhi to Phagwara,https://www.redbus.in/bus-tickets/delhi-to-phagwara,Yolo Bus,VE A/C Seater / Sleeper (2+1),22:31,07h 06m,05:37,4.6,585,10 Seats available
Delhi to Phagwara,https://www.redbus.in/bus-tickets/delhi-to-phagwara,IntrCity SmartBus,Bharat Benz A/C Seater /Sleeper (2+1),21:30,07h 50m,05:20,4.7,INR 521,6 Seats available
Delhi to Phagwara,https://www.redbus.in/bus-tickets/delhi-to-phagwara,Yolo Bus,VE A/C Seater / Sleeper (2+1),23:30,06h 30m,06:00,4.7,540,10 Seats available
Delhi to Phagwara,https://www.redbus.in/bus-tickets/delhi-to-phagwara,IntrCity SmartBus,Bharat Benz A/C Seater /Sleeper (2+1),22:45,08h 05m,06:50,4.5,INR 487,8 Seats available
Delhi to Phagwara,https://www.redbus.in/bus-tickets/delhi-to-phagwara,IntrCity SmartBus,Bharat Benz A/C Seater /Sleeper (2+1),20:45,08h 15m,05:00,4.9,INR 540,4 Seats available
Delhi to Phagwara,https://www.redbus.in/bus-tickets/delhi-to-phagwara,Golden Temple Express Volvo,A/C Seater / Sleeper (2+2),22:58,06h 42m,05:40,3.7,499,40 Seats available
Delhi to Phagwara,https://www.redbus.in/bus-tickets/delhi-to-phagwara,Golden Temple Express Volvo,A/C Seater / Sleeper (2+2),22:55,06h 55m,05:50,3.6,499,25 Seats available
Delhi to Phagwara,https://www.redbus.in/bus-tickets/delhi-to-phagwara,Golden Temple Express Volvo,Volvo Multi-Axle A/C Semi Sleeper (2+2),22:50,07h 05m,05:55,4.6,599,26 Seats available
Delhi to Phagwara,https://www.redbus.in/bus-tickets/delhi-to-phagwara,IntrCity SmartBus,Bharat Benz A/C Seater /Sleeper (2+1),21:45,08h 20m,06:05,4.9,INR 405,9 Seats available
Delhi to Phagwara,https://www.redbus.in/bus-tickets/delhi-to-phagwara,Golden Temple Express Volvo,A/C Seater / Sleeper (2+2),22:50,06h 45m,05:35,3.9,499,42 Seats available
Delhi to Phagwara,https://www.redbus.in/bus-tickets/delhi-to-phagwara,Ram Dalal Holidays,Bharat Benz A/C Sleeper (2+1),19:40,08h 30m,04:10,4.8,700,11 Seats available
Delhi to Phagwara,https://www.redbus.in/bus-tickets/delhi-to-phagwara,Zingbus Plus,A/C Seater / Sleeper (2+1),22:05,08h 20m,06:25,3.6,494,14 Seats available
Delhi to Phagwara,https://www.redbus.in/bus-tickets/delhi-to-phagwara,Zingbus Plus,Bharat Benz A/C Seater /Sleeper (2+1),20:30,07h 35m,04:05,4.2,683,11 Seats available
Delhi to Phagwara,https://www.redbus.in/bus-tickets/delhi-to-phagwara,Golden Temple Volvo Bus Service,A/C Seater / Sleeper (2+2),23:40,07h 35m,07:15,1.3,INR 506,47 Seats available
Delhi to Phagwara,https://www.redbus.in/bus-tickets/delhi-to-phagwara,City Land Travels,A/C Seater/Sleeper (2+1),23:15,07h 05m,06:20,3.6,INR 488,31 Seats available
Delhi to Phagwara,https://www.redbus.in/bus-tickets/delhi-to-phagwara,Lavish Travels,A/C Seater / Sleeper (2+2),19:30,07h 45m,03:15,1.6,INR 599,6 Seats available
Delhi to Phagwara,https://www.redbus.in/bus-tickets/delhi-to-phagwara,Banjara Satguru Travels,A/C Seater / Sleeper (2+2),23:35,06h 00m,05:35,2.5,INR 651,30 Seats available
Delhi to Phagwara,https://www.redbus.in/bus-tickets/delhi-to-phagwara,Muskan Tour And Travels private Limited,Volvo Multi-Axle I-Shift B11R Semi Sleeper (2+2),22:40,05h 50m,04:30,2.5,599,36 Seats available
Delhi to Phagwara,https://www.redbus.in/bus-tickets/delhi-to-phagwara,ADTC tour and Travels,Volvo Multi-Axle I-Shift B11R Semi Sleeper (2+2),22:25,06h 15m,04:40,3.9,INR 600,35 Seats available
Delhi to Phagwara,https://www.redbus.in/bus-tickets/delhi-to-phagwara,Golden Temple Express Volvo,Volvo Multi-Axle A/C Semi Sleeper (2+2),22:40,06h 55m,05:35,3.9,599,19 Seats available
Delhi to Phagwara,https://www.redbus.in/bus-tickets/delhi-to-phagwara,ADTC tour and Travels,Bharat Benz A/C Seater /Sleeper (2+1),22:40,06h 05m,04:45,3.9,INR 499,16 Seats available
Delhi to Phagwara,https://www.redbus.in/bus-tickets/delhi-to-phagwara,Zingbus Plus,A/C Sleeper (2+1),22:00,07h 10m,05:10,4.4,705,9 Seats available
Delhi to Phagwara,https://www.redbus.in/bus-tickets/delhi-to-phagwara,IntrCity SmartBus,A/C Seater / Sleeper (2+1),22:00,08h 35m,06:35,4.3,INR 486,6 Seats available
Delhi to Phagwara,https://www.redbus.in/bus-tickets/delhi-to-phagwara,IntrCity SmartBus,A/C Seater / Sleeper (2+1),23:00,07h 30m,06:30,4.8,INR 513,9 Seats available
Delhi to Phagwara,https://www.redbus.in/bus-tickets/delhi-to-phagwara,Goel Tourist (Regd),A/C Seater / Sleeper (2+2),20:50,06h 25m,03:15,3.3,729,44 Seats available
Delhi to Phagwara,https://www.redbus.in/bus-tickets/delhi-to-phagwara,Banjara Satguru Travels,A/C Seater / Sleeper (2+1),22:40,07h 06m,05:46,2.9,INR 699,35 Seats available
Delhi to Phagwara,https://www.redbus.in/bus-tickets/delhi-to-phagwara,Banjara Satguru Travels,A/C Seater / Sleeper (2+2),22:40,07h 06m,05:46,2.9,INR 699,39 Seats available
Delhi to Phagwara,https://www.redbus.in/bus-tickets/delhi-to-phagwara,IntrCity SmartBus,A/C Seater / Sleeper (2+1),22:00,08h 50m,06:50,4.1,INR 768,2 Seats available
Delhi to Phagwara,https://www.redbus.in/bus-tickets/delhi-to-phagwara,IntrCity SmartBus,VE A/C Seater / Sleeper (2+1),22:30,08h 15m,06:45,3.6,INR 464,5 Seats available
Delhi to Phagwara,https://www.redbus.in/bus-tickets/delhi-to-phagwara,Banjara Satguru Travels,A/C Seater / Sleeper (2+2),22:50,06h 30m,05:20,3.3,INR 599,31 Seats available
Delhi to Phagwara,https://www.redbus.in/bus-tickets/delhi-to-phagwara,Ram Dalal Holidays,Bharat Benz A/C Sleeper (2+1),19:15,07h 10m,02:25,4.7,550,9 Seats available
Delhi to Phagwara,https://www.redbus.in/bus-tickets/delhi-to-phagwara,Ram Dalal Holidays,Volvo A/C Semi Sleeper (2+2),20:35,06h 50m,03:25,4.7,1150,41 Seats available
Delhi to Phagwara,https://www.redbus.in/bus-tickets/delhi-to-phagwara,NueGo,Electric A/C Seater (2+2),22:00,08h 10m,06:10,2.6,380,13 Seats available
Delhi to Phagwara,https://www.redbus.in/bus-tickets/delhi-to-phagwara,Classic Travels,A/C Seater / Sleeper (2+2),21:55,07h 30m,05:25,2.6,INR 599,19 Seats available
Delhi to Phagwara,https://www.redbus.in/bus-tickets/delhi-to-phagwara,ADTC tour and Travels,Bharat Benz A/C Seater / Sleeper (2+2),22:30,06h 15m,04:45,3.9,INR 600,40 Seats available
Delhi to Phagwara,https://www.redbus.in/bus-tickets/delhi-to-phagwara,RK Holiday,A/C Seater / Sleeper (2+2),20:40,06h 30m,03:10,3.1,INR 818,21 Seats available
Delhi to Phagwara,https://www.redbus.in/bus-tickets/delhi-to-phagwara,CALL2TRIP,A/C Seater / Sleeper (2+2),22:40,06h 30m,05:10,2.9,INR 699,44 Seats available
Delhi to Phagwara,https://www.redbus.in/bus-tickets/delhi-to-phagwara,Banjara Satguru Travels,A/C Seater / Sleeper (2+1),22:40,05h 46m,04:26,2.9,INR 699,48 Seats available
Delhi Airport to Jalandhar,https://www.redbus.in/bus-tickets/delhi-airport-to-jalandhar,PEPSU (Punjab) - 67121,Volvo AC Seater (2+2),21:00,09h 20m,06:20,2.6,INR 1169,39 Seats available
Delhi Airport to Jalandhar,https://www.redbus.in/bus-tickets/delhi-airport-to-jalandhar,PEPSU (Punjab) - 67064,Volvo AC Seater (2+2),23:58,09h 00m,08:58,2.6,INR 1169,36 Seats available
Phagwara to Delhi,https://www.redbus.in/bus-tickets/phagwara-to-delhi,Laxmi holidays,Bharat Benz A/C Seater /Sleeper (2+1),21:20,07h 25m,04:45,4.5,632,2 Seats available
Phagwara to Delhi,https://www.redbus.in/bus-tickets/phagwara-to-delhi,IntrCity SmartBus,Bharat Benz A/C Seater /Sleeper (2+1),23:20,07h 05m,06:25,4.5,INR 600,7 Seats available
Phagwara to Delhi,https://www.redbus.in/bus-tickets/phagwara-to-delhi,Laxmi holidays,VE A/C Sleeper (2+1),23:10,07h 35m,06:45,4.5,670,6 Seats available
Phagwara to Delhi,https://www.redbus.in/bus-tickets/phagwara-to-delhi,Yolo Bus,VE A/C Seater / Sleeper (2+1),21:37,07h 23m,05:00,4.5,INR 740,2 Seats available
Phagwara to Delhi,https://www.redbus.in/bus-tickets/phagwara-to-delhi,Laxmi holidays,Bharat Benz A/C Seater /Sleeper (2+1),22:40,07h 40m,06:20,4.1,751,6 Seats available
Phagwara to Delhi,https://www.redbus.in/bus-tickets/phagwara-to-delhi,Golden Temple Express Volvo,A/C Seater / Sleeper (2+2),22:40,06h 40m,05:20,4.2,749,1 Seat available
Phagwara to Delhi,https://www.redbus.in/bus-tickets/phagwara-to-delhi,IntrCity SmartBus,Bharat Benz A/C Seater /Sleeper (2+1),22:55,07h 05m,06:00,4.8,INR 600,5 Seats available
Phagwara to Delhi,https://www.redbus.in/bus-tickets/phagwara-to-delhi,Zingbus Plus,Scania Multi-Axle AC Semi Sleeper (2+2),23:15,08h 00m,07:15,4.8,639,9 Seats available
Phagwara to Delhi,https://www.redbus.in/bus-tickets/phagwara-to-delhi,Laxmi holidays,Bharat Benz A/C Sleeper (2+1),23:35,07h 25m,07:00,4.7,832,8 Seats available
Phagwara to Delhi,https://www.redbus.in/bus-tickets/phagwara-to-delhi,Golden Temple Express Volvo,Volvo Multi-Axle A/C Semi Sleeper (2+2),23:40,06h 40m,06:20,3.8,799,8 Seats available
Phagwara to Delhi,https://www.redbus.in/bus-tickets/phagwara-to-delhi,Golden Temple Express Volvo,A/C Seater / Sleeper (2+2),23:57,06h 33m,06:30,3.3,799,8 Seats available
Phagwara to Delhi,https://www.redbus.in/bus-tickets/phagwara-to-delhi,IntrCity SmartBus,A/C Seater / Sleeper (2+1),22:35,07h 25m,06:00,4.5,INR 675,2 Seats available
Phagwara to Delhi,https://www.redbus.in/bus-tickets/phagwara-to-delhi,Zingbus Plus,A/C Seater / Sleeper (2+1),22:45,07h 50m,06:35,4.9,729,6 Seats available
Phagwara to Delhi,https://www.redbus.in/bus-tickets/phagwara-to-delhi,Muskan Tour And Travels private Limited,Volvo Multi-Axle I-Shift B11R Semi Sleeper (2+2),23:30,06h 00m,05:30,3.8,699,1 Seat available
Phagwara to Delhi,https://www.redbus.in/bus-tickets/phagwara-to-delhi,IntrCity SmartBus,Bharat Benz A/C Seater /Sleeper (2+1),22:45,06h 55m,05:40,4.1,INR 702,3 Seats available
Phagwara to Delhi,https://www.redbus.in/bus-tickets/phagwara-to-delhi,Golden Temple Express Volvo,A/C Seater / Sleeper (2+2),22:45,06h 35m,05:20,2.7,799,11 Seats available
Phagwara to Delhi,https://www.redbus.in/bus-tickets/phagwara-to-delhi,Golden Temple Express Volvo,A/C Seater / Sleeper (2+2),23:55,06h 55m,06:50,2.0,749,10 Seats available
Phagwara to Delhi,https://www.redbus.in/bus-tickets/phagwara-to-delhi,IntrCity SmartBus,Bharat Benz A/C Seater /Sleeper (2+1),23:45,07h 00m,06:45,4.7,INR 630,7 Seats available
Phagwara to Delhi,https://www.redbus.in/bus-tickets/phagwara-to-delhi,IntrCity SmartBus,A/C Seater / Sleeper (2+1),21:55,07h 50m,05:45,4.4,INR 770,2 Seats available
Phagwara to Delhi,https://www.redbus.in/bus-tickets/phagwara-to-delhi,IntrCity SmartBus,A/C Seater / Sleeper (2+1),21:55,08h 05m,06:00,4.7,INR 1117,1 Seat available
Phagwara to Delhi,https://www.redbus.in/bus-tickets/phagwara-to-delhi,ADTC tour and Travels,Bharat Benz A/C Seater /Sleeper (2+1),23:35,05h 40m,05:15,3.9,INR 600,8 Seats available
Phagwara to Delhi,https://www.redbus.in/bus-tickets/phagwara-to-delhi,ADTC tour and Travels,Volvo Multi-Axle I-Shift B11R Semi Sleeper (2+2),22:55,06h 15m,05:10,3.9,INR 799,6 Seats available
Phagwara to Delhi,https://www.redbus.in/bus-tickets/phagwara-to-delhi,Golden Temple Express Volvo,Volvo Multi-Axle A/C Semi Sleeper (2+2),23:47,06h 18m,06:05,3.6,799,8 Seats available
Phagwara to Delhi,https://www.redbus.in/bus-tickets/phagwara-to-delhi,IntrCity SmartBus,VE A/C Seater / Sleeper (2+1),23:25,07h 00m,06:25,4.5,INR 650,9 Seats available
Phagwara to Delhi,https://www.redbus.in/bus-tickets/phagwara-to-delhi,SHREE SATGURU TRAVELS,A/C Seater / Sleeper (2+2),23:58,06h 02m,06:00,2.7,INR 899,2 Seats available
Phagwara to Delhi,https://www.redbus.in/bus-tickets/phagwara-to-delhi,Armaan Tour & Travels,A/C Seater / Sleeper (2+1),21:45,08h 15m,06:00,2.5,719,48 Seats available
Delhi to Amritsar,https://www.redbus.in/bus-tickets/delhi-to-amritsar,PEPSU (Punjab) - 67121,Volvo AC Seater (2+2),21:50,10h 30m,08:20,2.9,INR 1269,39 Seats available
Delhi to Amritsar,https://www.redbus.in/bus-tickets/delhi-to-amritsar,RSRTC - 156675,Express Non AC Seater 2+3,22:30,10h 00m,08:30,1.7,INR 650,36 Seats available
Delhi to Amritsar,https://www.redbus.in/bus-tickets/delhi-to-amritsar,Zingbus Plus,Scania Multi-Axle AC Semi Sleeper (2+2),22:15,10h 40m,08:55,4.4,416,21 Seats available
Delhi to Amritsar,https://www.redbus.in/bus-tickets/delhi-to-amritsar,AdMuskan Tour And Travels private Limited,Volvo Multi-Axle I-Shift B11R Semi Sleeper (2+2),22:40,07h 50m,06:30,4.0,599,31 Seats available
Delhi to Amritsar,https://www.redbus.in/bus-tickets/delhi-to-amritsar,Laxmi holidays,VE A/C Sleeper (2+1),23:00,09h 15m,08:15,4.2,665,17 Seats available
Delhi to Amritsar,https://www.redbus.in/bus-tickets/delhi-to-amritsar,Laxmi holidays,Bharat Benz A/C Sleeper (2+1),23:30,09h 15m,08:45,4.2,665,15 Seats available
Delhi to Amritsar,https://www.redbus.in/bus-tickets/delhi-to-amritsar,ADTC tour and Travels,Volvo Multi-Axle I-Shift B11R Semi Sleeper (2+2),22:25,08h 00m,06:25,4.1,INR 600,35 Seats available
Delhi to Amritsar,https://www.redbus.in/bus-tickets/delhi-to-amritsar,Golden Temple Express Volvo,A/C Seater / Sleeper (2+2),22:50,08h 25m,07:15,4.3,499,8 Seats available
Delhi to Amritsar,https://www.redbus.in/bus-tickets/delhi-to-amritsar,Zingbus Plus,A/C Seater / Sleeper (2+1),21:50,10h 35m,08:25,4.3,486,6 Seats available
Delhi to Amritsar,https://www.redbus.in/bus-tickets/delhi-to-amritsar,K.S Travels,A/C Semi Sleeper / Sleeper (2+2),23:00,08h 00m,07:00,4.1,INR 700,38 Seats available
Delhi to Amritsar,https://www.redbus.in/bus-tickets/delhi-to-amritsar,IntrCity SmartBus,Bharat Benz A/C Seater /Sleeper (2+1),21:45,10h 25m,08:10,4.7,INR 405,9 Seats available
Delhi to Amritsar,https://www.redbus.in/bus-tickets/delhi-to-amritsar,Yolo Bus,VE A/C Seater / Sleeper (2+1),22:31,08h 46m,07:17,4.0,585,9 Seats available
Delhi to Amritsar,https://www.redbus.in/bus-tickets/delhi-to-amritsar,R S YADAV SMART BUS PRIVATE LIMITED,Volvo Multi Axle B11R AC Seater\Sleeper (2+1),22:10,09h 00m,07:10,4.6,569,4 Seats available
Delhi to Amritsar,https://www.redbus.in/bus-tickets/delhi-to-amritsar,Laxmi holidays,Bharat Benz A/C Seater /Sleeper (2+1),22:20,08h 45m,07:05,4.5,570,8 Seats available
Delhi to Amritsar,https://www.redbus.in/bus-tickets/delhi-to-amritsar,IntrCity SmartBus,Bharat Benz A/C Seater /Sleeper (2+1),22:45,09h 55m,08:40,4.6,INR 514,8 Seats available
Delhi to Amritsar,https://www.redbus.in/bus-tickets/delhi-to-amritsar,Laxmi holidays,Bharat Benz A/C Sleeper (2+1),23:40,09h 20m,09:00,4.5,665,7 Seats available
Delhi to Amritsar,https://www.redbus.in/bus-tickets/delhi-to-amritsar,Yolo Bus,VE A/C Seater / Sleeper (2+1),23:30,08h 35m,08:05,4.4,540,10 Seats available
Delhi to Amritsar,https://www.redbus.in/bus-tickets/delhi-to-amritsar,Golden Temple Express Volvo,A/C Seater / Sleeper (2+2),22:55,08h 23m,07:18,3.7,499,22 Seats available
Delhi to Amritsar,https://www.redbus.in/bus-tickets/delhi-to-amritsar,IntrCity SmartBus,Bharat Benz A/C Seater /Sleeper (2+1),21:30,09h 30m,07:00,4.5,INR 550,6 Seats available
Delhi to Amritsar,https://www.redbus.in/bus-tickets/delhi-to-amritsar,IntrCity SmartBus,Bharat Benz A/C Seater /Sleeper (2+1),20:45,10h 05m,06:50,4.3,INR 540,4 Seats available
Delhi to Amritsar,https://www.redbus.in/bus-tickets/delhi-to-amritsar,IntrCity SmartBus,A/C Seater / Sleeper (2+1),23:00,09h 15m,08:15,4.3,INR 542,9 Seats available
Delhi to Amritsar,https://www.redbus.in/bus-tickets/delhi-to-amritsar,Golden Temple Express Volvo,A/C Seater / Sleeper (2+2),22:58,08h 17m,07:15,3.9,499,24 Seats available
Delhi to Amritsar,https://www.redbus.in/bus-tickets/delhi-to-amritsar,IntrCity SmartBus,A/C Seater / Sleeper (2+1),22:25,10h 05m,08:30,4.5,INR 768,2 Seats available
Delhi to Amritsar,https://www.redbus.in/bus-tickets/delhi-to-amritsar,IntrCity SmartBus,VE A/C Seater / Sleeper (2+1),22:50,09h 40m,08:30,4.4,INR 464,5 Seats available
Delhi to Amritsar,https://www.redbus.in/bus-tickets/delhi-to-amritsar,Golden Temple Express Volvo,Volvo Multi-Axle A/C Semi Sleeper (2+2),22:50,08h 20m,07:10,3.6,599,26 Seats available
Delhi to Amritsar,https://www.redbus.in/bus-tickets/delhi-to-amritsar,City Land Travels,A/C Seater/Sleeper (2+1),22:50,09h 10m,08:00,1.9,INR 488,30 Seats available
Delhi to Amritsar,https://www.redbus.in/bus-tickets/delhi-to-amritsar,New National Travels,A/C Seater / Sleeper (2+2),23:00,08h 00m,07:00,2.8,INR 99,30 Seats available
Delhi to Amritsar,https://www.redbus.in/bus-tickets/delhi-to-amritsar,ADTC tour and Travels,Bharat Benz A/C Seater /Sleeper (2+1),22:40,07h 50m,06:30,3.7,INR 499,16 Seats available
Delhi to Amritsar,https://www.redbus.in/bus-tickets/delhi-to-amritsar,Golden Temple Express Volvo,Volvo Multi-Axle A/C Semi Sleeper (2+2),22:40,08h 35m,07:15,3.9,599,19 Seats available
Delhi to Amritsar,https://www.redbus.in/bus-tickets/delhi-to-amritsar,NueGo,Electric A/C Seater (2+2),22:00,09h 50m,07:50,3.1,493,13 Seats available
Delhi to Amritsar,https://www.redbus.in/bus-tickets/delhi-to-amritsar,FlixBus,Bharat Benz A/C Sleeper (2+1),22:30,09h 50m,08:20,3.8,INR 699,11 Seats available
Delhi to Amritsar,https://www.redbus.in/bus-tickets/delhi-to-amritsar,Laxmi holidays,Bharat Benz A/C Seater /Sleeper (2+1),22:00,09h 15m,07:15,3.9,665,9 Seats available
Delhi to Amritsar,https://www.redbus.in/bus-tickets/delhi-to-amritsar,Classic Travels,A/C Seater / Sleeper (2+2),21:55,09h 15m,07:10,2.6,INR 599,15 Seats available
Delhi to Amritsar,https://www.redbus.in/bus-tickets/delhi-to-amritsar,Banjara Satguru Travels,A/C Seater / Sleeper (2+2),23:50,07h 45m,07:35,2.7,INR 651,32 Seats available
Delhi to Amritsar,https://www.redbus.in/bus-tickets/delhi-to-amritsar,Golden Temple Volvo Bus Service,A/C Seater / Sleeper (2+2),23:40,09h 30m,09:10,2.4,INR 506,47 Seats available
Delhi to Amritsar,https://www.redbus.in/bus-tickets/delhi-to-amritsar,Banjara Satguru Travels,A/C Seater / Sleeper (2+2),23:05,07h 55m,07:00,2.7,INR 599,23 Seats available
Delhi to Amritsar,https://www.redbus.in/bus-tickets/delhi-to-amritsar,CALL2TRIP,A/C Seater / Sleeper (2+2),22:38,08h 32m,07:10,2.8,INR 699,29 Seats available
Delhi to Amritsar,https://www.redbus.in/bus-tickets/delhi-to-amritsar,NEW KING BUS SERVICE,A/C Seater / Sleeper (2+2),23:00,07h 30m,06:30,2.3,INR 499,31 Seats available
Delhi to Amritsar,https://www.redbus.in/bus-tickets/delhi-to-amritsar,Travel Point World LLP,A/C Seater / Sleeper (2+2),22:15,08h 15m,06:30,1.9,INR 699,28 Seats available
Amritsar to Delhi,https://www.redbus.in/bus-tickets/amritsar-to-delhi,City Land Travels,A/C Seater/Sleeper (2+1),22:50,08h 40m,07:30,4.5,709,14 Seats available
Amritsar to Delhi,https://www.redbus.in/bus-tickets/amritsar-to-delhi,IntrCity SmartBus,Bharat Benz A/C Seater /Sleeper (2+1),21:30,08h 55m,06:25,4.6,INR 600,7 Seats available
Amritsar to Delhi,https://www.redbus.in/bus-tickets/amritsar-to-delhi,Laxmi holidays,Bharat Benz A/C Seater /Sleeper (2+1),19:30,09h 15m,04:45,4.4,760,2 Seats available
Amritsar to Delhi,https://www.redbus.in/bus-tickets/amritsar-to-delhi,AdGolden Temple Express Volvo,Volvo Multi-Axle A/C Semi Sleeper (2+2),22:10,07h 55m,06:05,4.3,799,7 Seats available
Amritsar to Delhi,https://www.redbus.in/bus-tickets/amritsar-to-delhi,IntrCity SmartBus,Bharat Benz A/C Seater /Sleeper (2+1),22:30,08h 15m,06:45,4.5,INR 605,9 Seats available
Amritsar to Delhi,https://www.redbus.in/bus-tickets/amritsar-to-delhi,Yolo Bus,VE A/C Seater / Sleeper (2+1),22:11,08h 17m,06:28,4.4,INR 730,4 Seats available
Amritsar to Delhi,https://www.redbus.in/bus-tickets/amritsar-to-delhi,Yolo Bus,VE A/C Seater / Sleeper (2+1),19:56,09h 04m,05:00,4.4,INR 880,1 Seat available
Amritsar to Delhi,https://www.redbus.in/bus-tickets/amritsar-to-delhi,AdFlixBus,Bharat Benz A/C Sleeper (2+1),22:00,08h 55m,06:55,4.4,INR 919,5 Seats available
Amritsar to Delhi,https://www.redbus.in/bus-tickets/amritsar-to-delhi,IntrCity SmartBus,Bharat Benz A/C Seater /Sleeper (2+1),23:00,08h 00m,07:00,4.4,INR 600,2 Seats available
Amritsar to Delhi,https://www.redbus.in/bus-tickets/amritsar-to-delhi,Laxmi holidays,Bharat Benz A/C Sleeper (2+1),22:30,09h 00m,07:30,4.3,917,8 Seats available
Amritsar to Delhi,https://www.redbus.in/bus-tickets/amritsar-to-delhi,Laxmi holidays,Bharat Benz A/C Seater /Sleeper (2+1),21:00,09h 20m,06:20,4.3,907,6 Seats available
Amritsar to Delhi,https://www.redbus.in/bus-tickets/amritsar-to-delhi,IntrCity SmartBus,Bharat Benz A/C Seater /Sleeper (2+1),21:15,08h 45m,06:00,4.4,INR 631,5 Seats available
Amritsar to Delhi,https://www.redbus.in/bus-tickets/amritsar-to-delhi,Laxmi holidays,VE A/C Sleeper (2+1),21:30,09h 15m,06:45,4.3,808,6 Seats available
Amritsar to Delhi,https://www.redbus.in/bus-tickets/amritsar-to-delhi,Laxmi holidays,Bharat Benz A/C Sleeper (2+1),21:50,09h 10m,07:00,4.2,999,8 Seats available
Amritsar to Delhi,https://www.redbus.in/bus-tickets/amritsar-to-delhi,Muskan Tour And Travels private Limited,Volvo Multi-Axle I-Shift B11R Semi Sleeper (2+2),21:50,07h 40m,05:30,4.4,699,1 Seat available
Amritsar to Delhi,https://www.redbus.in/bus-tickets/amritsar-to-delhi,IntrCity SmartBus,Bharat Benz A/C Seater /Sleeper (2+1),20:45,08h 50m,05:35,4.4,INR 702,4 Seats available
Amritsar to Delhi,https://www.redbus.in/bus-tickets/amritsar-to-delhi,Zingbus Plus,A/C Seater / Sleeper (2+1),20:20,10h 20m,06:40,4.8,928,6 Seats available
Amritsar to Delhi,https://www.redbus.in/bus-tickets/amritsar-to-delhi,Zingbus Plus,Scania Multi-Axle AC Semi Sleeper (2+2),21:10,10h 15m,07:25,4.2,692,8 Seats available
Amritsar to Delhi,https://www.redbus.in/bus-tickets/amritsar-to-delhi,ADTC tour and Travels,Volvo Multi-Axle I-Shift B11R Semi Sleeper (2+2),21:20,07h 50m,05:10,4.1,INR 799,6 Seats available
Amritsar to Delhi,https://www.redbus.in/bus-tickets/amritsar-to-delhi,IntrCity SmartBus,A/C Seater / Sleeper (2+1),22:45,08h 25m,07:10,4.5,INR 739,8 Seats available
Amritsar to Delhi,https://www.redbus.in/bus-tickets/amritsar-to-delhi,Golden Temple Express Volvo,A/C Seater / Sleeper (2+2),21:00,08h 20m,05:20,3.8,749,1 Seat available
Amritsar to Delhi,https://www.redbus.in/bus-tickets/amritsar-to-delhi,IntrCity SmartBus,Bharat Benz A/C Seater /Sleeper (2+1),22:00,08h 40m,06:40,4.2,INR 634,7 Seats available
Amritsar to Delhi,https://www.redbus.in/bus-tickets/amritsar-to-delhi,Golden Temple Express Volvo,A/C Seater / Sleeper (2+2),20:45,08h 35m,05:20,3.6,799,1 Seat available
Amritsar to Delhi,https://www.redbus.in/bus-tickets/amritsar-to-delhi,IntrCity SmartBus,A/C Seater / Sleeper (2+1),20:30,09h 15m,05:45,4.4,INR 675,1 Seat available
Amritsar to Delhi,https://www.redbus.in/bus-tickets/amritsar-to-delhi,NueGo,Electric A/C Seater (2+2),22:35,09h 50m,08:25,3.3,599,30 Seats available
Amritsar to Delhi,https://www.redbus.in/bus-tickets/amritsar-to-delhi,Golden Temple Express Volvo,A/C Seater / Sleeper (2+2),22:40,07h 50m,06:30,3.0,799,2 Seats available
Amritsar to Delhi,https://www.redbus.in/bus-tickets/amritsar-to-delhi,SHRI BALAJII TRAVELS,Volvo A/C Semi Sleeper (2+2),21:00,09h 15m,06:15,3.1,INR 713,41 Seats available
Amritsar to Delhi,https://www.redbus.in/bus-tickets/amritsar-to-delhi,Golden Temple Express Volvo,Volvo Multi-Axle A/C Semi Sleeper (2+2),22:15,08h 05m,06:20,3.9,799,6 Seats available
Amritsar to Delhi,https://www.redbus.in/bus-tickets/amritsar-to-delhi,ADTC tour and Travels,Bharat Benz A/C Seater /Sleeper (2+1),21:45,07h 30m,05:15,3.6,INR 600,8 Seats available
Amritsar to Delhi,https://www.redbus.in/bus-tickets/amritsar-to-delhi,Golden Temple Express Volvo,A/C Seater / Sleeper (2+2),22:30,08h 20m,06:50,2.7,749,6 Seats available
Amritsar to Delhi,https://www.redbus.in/bus-tickets/amritsar-to-delhi,IntrCity SmartBus,VE A/C Seater / Sleeper (2+1),21:45,08h 40m,06:25,3.9,INR 650,9 Seats available
Amritsar to Delhi,https://www.redbus.in/bus-tickets/amritsar-to-delhi,Golden Temple Volvo Bus Service,A/C Seater / Sleeper (2+2),23:05,08h 05m,07:10,2.9,INR 886,20 Seats available
Amritsar to Delhi,https://www.redbus.in/bus-tickets/amritsar-to-delhi,SHREE SATGURU TRAVELS,A/C Seater / Sleeper (2+2),21:30,08h 15m,05:45,2.9,INR 899,2 Seats available
Amritsar to Delhi Airport,https://www.redbus.in/bus-tickets/amritsar-to-delhi-airport,Indo Canadian Transport Pvt. Ltd.,A/C Semi Sleeper (2+2),20:00,11h 00m,07:00,4.6,INR 2500,44 Seats available
Amritsar to Delhi Airport,https://www.redbus.in/bus-tickets/amritsar-to-delhi-airport,Indo Canadian Transport Pvt. Ltd.,A/C Sleeper (2+1),21:55,11h 00m,08:55,4.6,INR 2500,30 Seats available
Amritsar to Delhi Airport,https://www.redbus.in/bus-tickets/amritsar-to-delhi-airport,Indo Canadian Transport Pvt. Ltd.,A/C Semi Sleeper (2+2),20:00,13h 00m,09:00,4.6,INR 2500,44 Seats available
Amritsar to Delhi Airport,https://www.redbus.in/bus-tickets/amritsar-to-delhi-airport,Indo Canadian Transport Pvt. Ltd.,A/C Sleeper (2+1),21:55,11h 00m,08:55,4.6,INR 3000,30 Seats available
Amritsar to Delhi Airport,https://www.redbus.in/bus-tickets/amritsar-to-delhi-airport,Indo Canadian Transport Pvt. Ltd.,A/C Semi Sleeper (2+2),21:55,13h 10m,11:05,4.6,INR 3000,30 Seats available
Amritsar to Delhi Airport,https://www.redbus.in/bus-tickets/amritsar-to-delhi-airport,Indo Canadian Transport Pvt. Ltd.,A/C Semi Sleeper (2+2),21:55,13h 00m,10:55,4.6,INR 3300,51 Seats available
Amritsar to Delhi Airport,https://www.redbus.in/bus-tickets/amritsar-to-delhi-airport,Indo Canadian Transport Pvt. Ltd.,A/C Semi Sleeper (2+2),21:00,13h 00m,10:00,4.6,INR 3300,44 Seats available
Delhi Airport to Phagwara,https://www.redbus.in/bus-tickets/delhi-airport-to-phagwara,PEPSU (Punjab) - 67121,Volvo AC Seater (2+2),21:00,08h 35m,05:35,3.8,INR 1107,36 Seats available
Delhi Airport to Phagwara,https://www.redbus.in/bus-tickets/delhi-airport-to-phagwara,Zingbus Plus,A/C Sleeper (2+1),20:00,09h 10m,05:10,4.3,1145,26 Seats available
Delhi Airport to Phagwara,https://www.redbus.in/bus-tickets/delhi-airport-to-phagwara,Zingbus Plus,Scania Multi-Axle AC Semi Sleeper (2+2),20:00,11h 00m,07:00,4.3,969,28 Seats available
Delhi Airport to Phagwara,https://www.redbus.in/bus-tickets/delhi-airport-to-phagwara,Zingbus Plus,A/C Seater / Sleeper (2+1),20:00,10h 25m,06:25,4.3,1044,29 Seats available
Delhi Airport to Phagwara,https://www.redbus.in/bus-tickets/delhi-airport-to-phagwara,Indo Canadian Transport Pvt. Ltd.,A/C Semi Sleeper (2+2),23:30,09h 15m,08:45,4.6,INR 3300,51 Seats available
Delhi Airport to Phagwara,https://www.redbus.in/bus-tickets/delhi-airport-to-phagwara,Indo Canadian Transport Pvt. Ltd.,A/C Sleeper (2+1),22:00,09h 15m,07:15,4.6,INR 3000,42 Seats available
Delhi Airport to Phagwara,https://www.redbus.in/bus-tickets/delhi-airport-to-phagwara,Indo Canadian Transport Pvt. Ltd.,A/C Semi Sleeper (2+2),23:30,08h 15m,07:45,4.6,INR 2500,44 Seats available
Delhi Airport to Phagwara,https://www.redbus.in/bus-tickets/delhi-airport-to-phagwara,Indo Canadian Transport Pvt. Ltd.,A/C Semi Sleeper (2+2),23:30,08h 15m,07:45,4.6,INR 2500,44 Seats available
Delhi Airport to Phagwara,https://www.redbus.in/bus-tickets/delhi-airport-to-phagwara,Indo Canadian Transport Pvt. Ltd.,A/C Semi Sleeper (2+2),23:30,11h 15m,10:45,4.6,INR 2500,44 Seats available
Delhi Airport to Phagwara,https://www.redbus.in/bus-tickets/delhi-airport-to-phagwara,Indo Canadian Transport Pvt. Ltd.,A/C Semi Sleeper (2+2),19:30,09h 15m,04:45,4.6,INR 2500,51 Seats available
Delhi Airport to Phagwara,https://www.redbus.in/bus-tickets/delhi-airport-to-phagwara,Indo Canadian Transport Pvt. Ltd.,A/C Semi Sleeper (2+2),20:30,08h 15m,04:45,4.6,INR 2500,51 Seats available
Delhi Airport to Phagwara,https://www.redbus.in/bus-tickets/delhi-airport-to-phagwara,Indo Canadian Transport Pvt. Ltd.,A/C Sleeper (2+1),22:30,08h 15m,06:45,4.6,INR 3000,42 Seats available
Delhi Airport to Phagwara,https://www.redbus.in/bus-tickets/delhi-airport-to-phagwara,Indo Canadian Transport Pvt. Ltd.,A/C Semi Sleeper (2+2),23:30,08h 15m,07:45,4.6,INR 2500,44 Seats available
